{
  "video_games": [
    {
      "file": "video_real1.jpg",
      "alt": "Gaming setup",
      "caption": "Console setup: the hub of digital adventures."
    },
    {
      "file": "video_real2.jpg",
      "alt": "Gameplay screenshot",
      "caption": "Immersive gameplay: worlds waiting to be explored."
    }
  ],
  "board_games": [
    {
      "file": "board_real1.jpg",
      "alt": "Board game in play",
      "caption": "Players strategizing over a shared board state."
    },
    {
      "file": "board_real2.jpg",
      "alt": "Colorful components",
      "caption": "Colorful components inviting you to play."
    }
  ],
  "card_games": [
    {
      "file": "card_real1.jpg",
      "alt": "Cards on table",
      "caption": "Hands and cards: the essence of strategy and bluff."
    },
    {
      "file": "card_real2.jpg",
      "alt": "Deck close-up",
      "caption": "Artful decks with unique mechanics."
    }
  ],
  "tabletop_games": [
    {
      "file": "tabletop_real1.jpg",
      "alt": "RPG session",
      "caption": "Maps, minis, and dice tell collaborative stories."
    },
    {
      "file": "tabletop_real2.jpg",
      "alt": "Miniatures battle",
      "caption": "Skirmishes on crafted terrain."
    }
  ]
}